movieId,runtime,trailerKey
862,,CxwTLktovTU
8844,,veszTagaXik
15602,,rEnOoWs3FuA
31357,,j9xml1CxgXI
11862,,yCg8WNQwe0A
949,,14oNcFxiVaQ
11860,,iEqPw_QP28c
45325,,-C-xXZyX2zU
9091,,tEL21KB9rT4
710,,_PMD6YenOEg
9087,,5E3VG3LL1Mo
12110,,ctsxTvTQUZI
21032,,GKH3bVyBDsg
10858,,dO2LWKpeyI8
1408,,WFn7VVN3Wvk
524,,zFUKn_75m1o
4584,,5unqnd-CGz4
5,,S_Pd2pGkq54
9273,,DfqPjRMsRP0
11517,,5Odo80-WFgM
8012,,fvBx0x9IJnk
1710,,7RaBcFSABEM
9691,,XCuD8Q_Y10Q
12665,,lGp4WXcVEno
451,,O4HrGa2-RLc
16420,,WIIjya_5Oro
9263,,RQLVzTtt2Ws
17015,,u4T5dl1isp8
902,,F-F3Fz6DadE
37557,,xgIHRczRE1Q
9909,,gA-5nLQCmW8
63,,Xwh1xBzsc1Q
9598,,tVxeoUtVF0o
687,,CB89rktO_Ws
33689,,yh1OH4NnLWQ
9603,,KeGqX4GVBZE
34615,,1nejmbo5c9A
31174,,k20svFhRI44
11443,,NEFBEBSEzzE
35196,,CvsAuHYBgEQ
9312,,gscqagF0_SE
577,,snYvuUvm1Ec
11861,,
807,,KPOuJGkpblk
10530,,mf0JmiI7NXY
8391,,D55Evh2HII0
629,,jM3jrHGAsIE
11448,,6hsIc9reo7k
49133,,3Fd6ZlgOFqs
26441,,KzkCfQaYE-E
97406,,LfM1kP34Dz8
9089,,
11010,,SgbbmwHpoAA
11359,,kQVketPgcuE
17182,,jY56N6irNCk
2054,,1nsHT-9kFtE
10607,,bD2wZ6DqdjQ
19760,,cN2omT-8oRs
9536,,4xD1ujNkZXs
11525,,0U1vomY6kUg
4482,,
10634,,umvFBoLOOgo
755,,y-J9bBvO5dk
11859,,
28387,,g9ul_89gqI4
48750,,
20927,,GJ6-ymSjShg
36929,,WnnQd7lItOg
9102,,qrgAvr0TIr4
124626,,
27526,,kDdwRURSEzI
9623,,Awng-jZnkoY
46785,,bltXpgXuUp8
400,,i1o_PO3ridY
880,,3n1O-sKecdA
146599,,
8447,,
10534,,bQiKlj2qI5c
17414,,
13997,,BRgCb1QjOv4
2086,,PVT1iXco8bc
9095,,qgHHBYzgL-s
12158,,2qzFuLGeVGI
9283,,GKZMinpfljI
9208,,jybuWD1beXI
40154,,E1b5iSgd43I
406,,FKwcXt3JIaU
63076,,oA7M9qSJKrE
11062,,QgEObrHE_2k
13685,,JJPQ-NnjZR0
47475,,CAECDKr2g5M
2045,,5RLDDt6Jpes
9614,,VJFdK0Owxlc
688,,ZoJJkAQV0Bg
11907,,
10874,,-37gsH0ideE
89333,,
197,,WtO3CsleMDg
103,,zdqCqDSTVNI
33542,,8PT49TzAV7I
43566,,SAmbXIWzRYo
51352,,HFMnh-n7U7w
16934,,Xw6F07ChJzQ
10324,,mok43U9zy4s
78406,,9uBpp-qIIp8
32119,,hynI6orlOOA
11066,,xCr5RlXidhg
11104,,P9Mxf_6pVA0
2074,,Pc6p72O4p44
27793,,XiiyFFZjq0Y
290157,,
110972,,dxLCt31D7fA
11863,,UHLNId3k-dQ
9101,,lTyxmVou27w
5757,,
9302,,6Y28HLt-fEg
11000,,Y46JSmjcpeM
16388,,WPsbUcvKzxQ
9737,,OLYENHi4IIc
30765,,Uwnm9QAwhzE
10474,,Jg78DNeKM1o
22279,,HPBkA3GuvcY
30157,,RvwXIhOqTvQ
568,,B1KJ9XeZuxA
11780,,p76fH8_a32Y
34996,,pgydfbvmwr0
414,,suOgRZflPtk
649,,gC1lO7lqMuw
1873,,Ow_yBFgyUvQ
5894,,72ue1Jqy01E
1775,,kI5SEOdN7Fc
8839,,kRX7PPqbKaQ
20649,,YsFUoioGePc
10329,,QpdbdpOqLuY
8963,,cc0Az3IJFOU
26564,,67uWAtFmjYI
8068,,nJb0yXRHdi4
8512,,7bWekMNDfT8
1572,,aRQetHOPpKA
13552,,PZM-vG8DcRc
6520,,zO1_r6slUlk
9073,,SFnK1abzS9E
10428,,vsjK7AVmsL8
17447,,xGQRgOJ2bV0
9886,,PDzjBr1c4qs
9482,,43-BefmjMFg
19326,,bdKOtQlUS6s
9344,,U9a5tZSKDOU
9071,,QjoJjWvKiUY
8973,,U_czotvi8FQ
15730,,_1cjHboN8Mw
47608,,OS4XqN-LaO4
2293,,XpshU8YDYjw
9070,,Gb5MGWPAiGg
48787,,O70KkzyBXKs
34574,,RR3RjPOCPFo
1642,,46qKHq7REI4
11472,,dVmOU8HPf_E
36196,,9y-TvmzQ8qA
11980,,okN79Z_uw9Y
58372,,5Eeu9pX4Gwo
32646,,Qe_UmLAFuHE
10533,,wzoFrXEdC74
10802,,kDJdLxpdU40
10149,,3v8r-ec4V2M
18402,,
9348,,ECe9Yqltw_w
281,,t3vX5XRpV9c
5967,,7H-fl3njp5s
47939,,hQR4_rT0qB4
36834,,8eZpsPixVuU
9090,,sH0zihZWIK0
3512,,LorQZ4TfbTQ
52856,,sth8EmI2y6g
77350,,qNmJKsGylaY
9560,,CCJLFg1nOao
9804,,-GQZMdNtHNU
31611,,1ezPwSoXdX0
65796,,vsLUneCKuO8
49805,,yhKQH-ZLtrM
26258,,ZkzvOmPOpYI
50797,,1gPzpr08hFk
19155,,wHBQ4VsQaic
76,,jGvcbSabADM
11017,,WMNX2dP6RNY
37141,,
9382,,2rXXJpdwGnI
6715,,AKq57Gr_i9E
18256,,zDRCp-nJEaI
22625,,
2292,,f8yqQkABBjY
1909,,AteQZ7q6rtA
8984,,_UtApAxpjJ0
4954,,nPShJKV8Xgg
62488,,4wNfb1lh7oE
10531,,MxR1pHaMpcY
11929,,ljzkxYq-lQ8
8467,,QXMkxujaq7Y
10451,,l7pKpO8NErU
20156,,mEhf9tAdT5I
18395,,Yxa7yLhYDg8
522,,xPyqcdjBf_U
397,,ZOY63ebD1b0
10525,,98Z2-q8rlZk
27985,,fHbI2fohgeI
15789,,_IY7_iCuINo
27303,,1jmKLl95NZ8
21183,,ozYFLnuBVFU
10954,,Ql9AAmfj1sM
47867,,RSTZl1bENrc
14275,,AglLHi4_0MM
1024,,_bIUDcnHDlg
17207,,ImjGBHRDW7c
13701,,e2ql5wODeMY
14819,,Soy3uGvZd9k
32631,,ZaQMk2id9fw
11777,,1lF2BkLl0yQ
628,,qVknmcJHGfA
87729,,oTpFci6HNgA
18713,,Jl7b3E4kbeY
6280,,aNfsJuv0bJU
9061,,tZlr2PbTiow
37108,,yLtmLy1Vzkc
6071,,EeOtkhiScMI
11,,XsS1yE2f-hE
9587,,sET83nlk1NU
19101,,Q3WJrWZ_npg
49980,,REPoYxk2W7w
18183,,EkvgSTJkKGI
4476,,w5320WqSVPQ
11008,,6Vvlw7uPdn8
32325,,
43742,,-NoM6EQIaF0
28313,,-ZXnvEun0sc
11318,,0pdNMKZXJ28
3036,,mMe7NdrpxEI
40490,,JcW2p8nyrng
24070,,dwBG2CXDXcc
8986,,
10510,,yiypbCFV7Ao
17402,,H-FofBXlWKA
38722,,V2mQUID4Wx8
8438,,8X9HG1W-23Y
11593,,Zh4nKGloiHk
1945,,n1Zay9SOYxA
39310,,6wEM9KYgMx4
109560,,AcJamsBwsPM
56428,,
131957,,
241,,Quh24cn7-E8
9058,,zLrqyfkXt_A
527,,N0-Q3ChKcfE
18220,,cWeLiFAycR4
6950,,AgZ5goJibn0
101,,DD-6bmOY__g
63020,,irBhYcQ50Tc
2307,,ZPWFsnqJeNk
680,,tGpTpVyI_OQ
25296,,
40156,,mxlZ8hB5Q40
11450,,bj-m3Ddmn0E
30304,,
10452,,HIBfX5D1Um4
12106,,Lo9cGqmHXhg
161495,,eEvt88iMQME
3586,,
110,,1fQQBbcfL5E
108,,kQjJoRl3bLc
109,,mfw46ZiSScw
36357,,
92769,,qbk4CFE1IP0
28033,,P2bCdymB7do
22586,,sm6Jtm9gICk
14334,,fWoyGukz1ag
2636,,SS75LoRrmMg
2164,,JubhSGaSJXo
11395,,aCc7bTJ8FCM
278,,PLl99DlL6b4
9905,,xKrfUAho5as
87078,,IzZSguDxGsk
12527,,qWv7dKxWhz4
20306,,UH9OLQh46FY
36614,,JW7E011rHfg
27993,,0xa74mYgSnI
31439,,GAZUbjttUPc
9067,,a9UXppnnTgk
9059,,2cT5Cg8H7ec
193,,IcSgqjqOOIM
25066,,dOO-A59c4C0
46797,,8O2PybIWgIE
12122,,oDabkjic1mM
11381,,A2Albcpyaiw
32636,,hJxvpLrp4yA
36141,,8IGoUeVzBbk
95963,,
1587,,wpSGFets1oM
9271,,45riYi75C8w
2064,,nsJxyUvkB_E
19855,,BzB_Qkl2Gec
60855,,oNTA_A3llwg
236,,JJVWXHRDqec
48287,,FGG_TKydPsM
3049,,Cqg3QmUKTks
2759,,VFmwVI-5lfU
12635,,5hbfyo8alXg
10497,,R3EMSHqkbfI
11382,,DSPx3Bcvau0
9331,,JjsN_yJJ3vw
10731,,qo7Lqyt5HDg
10464,,SvbCmpo-luk
34152,,gGw1FdYfrvc
9495,,Ltzov6nhud0
29973,,zZFiH0SQpiY
888,,a-uN0rHF7Ig
13,,m-btyJIYLyI
712,,tvdlnbfaJ3E
16295,,R9CZErJ9idU
48992,,k_znxl0qA5I
10879,,j8RuhldReRo
10660,,hpIeqy8VRJU
10714,,L8LC-wPUdqE
41647,,91607Aqn-mo
8587,,UgjEj5mXLlk
1689,,x0he3DnxGbM
11596,,9dLQYxBYGTQ
854,,uPrUiKgQVQk
9359,,mQ69CVbCiow
23333,,LYuj2PAP-jA
36593,,Cstx7RLWE2o
12280,,8kXXBY_qtcI
2788,,xDYGo0UgIVM
10427,,1kP0yuB0W-o
11011,,ZSO1gBHGgH0
8987,,WbGD81wUgC0
1637,,3q_4xiR3VJQ
15128,,TzDlsj1XzsY
8831,,7OPLHgw54h4
36955,,Qw4hz62r-Kk
10449,,3vQK49vzmBI
10395,,
12160,,3deAQVbaqlY
40480,,tf6dFhAfTuE
52038,,
29444,,CLQ_dlkA6sU
26352,,-kRfPEO_5aY
39953,,
41580,,O8kU6FhOBBY
315,,gLTnzo-nd8Q
22067,,xzeTvIWxhek
11667,,HsTKoGcFS78
8011,,eW_HzYMNOng
171857,,
2654,,qs1qo46GfWs
18069,,
19092,,sEsCXWD7-Cc
2758,,Bb2FTulPpOA
10436,,I3Mx8OSlNYM
13595,,y6rFEdy4hrk
46094,,gMckymETP1I
9409,,DPcFwi6lLm8
11853,,CvSpONjcX2o
16771,,qJGU08RaoNU
46924,,zOLyXi3uY84
11041,,Sy0tjb-Gjqw
306,,XH3VbQMv-Nk
14522,,Vu73Mwht-Kw
26203,,azibdrz8l3c
178,,f3N-e9BLZFo
19819,,3FC5zdcct9s
57834,,G33WnfZ9YCU
4722,,8Ox5QYDvyWw
18215,,QgsUUFYLSoQ
1607,,v77Dj4FhIA8
26391,,cmBq41nVrXs
117553,,Ci-QG4w1Tz0
6075,,nYBHVf108J0
11310,,qByUG0k-K-c
18658,,tBOd_AiVa-8
9350,,2j18n9shdw8
9612,,_Q8CpaejCk8
2124,,09rrVrDZJYU
26261,,WtEYTu8vxoA
19176,,McAPp0LAfOw
11566,,ynC1hITFIzQ
9571,,uzDPw5N8d_0
9739,,JdXYTDqeXe4
34444,,K_Q1VTuna-w
26141,,9ykW-780bHs
10997,,FFiHfDBt9lE
10443,,nnsdUVp06Dc
20239,,usSS517OlSI
16297,,DZ7Fm26YJjs
18551,,1SbacB2W1l8
25440,,BAsNqcro3EE
9024,,doB6Oa1Iyic
37233,,-ViGnnpsNKg
1634,,PQZES1EtZ2w
13815,,R1wenNfrjI8
5503,,OlYsVq6FpuU
35588,,v4alqybzcic
2087,,lXK8xBQEzJ4
41579,,idx2k39SU5M
18620,,qnWt4aMBE6E
2019,,-pzx4IeYYFg
9255,,Rida8js49Uo
26271,,
10612,,1UWT0dMrYOM
2259,,
16097,,Rh7eZVsqNqk
11934,,2o5yi6hFg4Q
106143,,j-V5nw8KI08
12475,,D8WQ8sgWaVU
9386,,Oc-4t7LI68M
7984,,H0ff5KjZ7vM
59930,,A0QhbZ7k9jI
15765,,4YMzT2Uelts
31643,,zLckjRbfUlE
6,,TPqsPcT-gVQ
329,,bx46tthKXmc
10909,,2ut7heVeMnM
507,,u_4mhnd-098
29918,,VkwPGVUHg9E
9593,,OJw8o49CNZI
42580,,niJhC06sv1g
22317,,
1413,,fgANS15AN4I
12121,,dPPN93A3RRs
2246,,n6Yeb5i1blY
10502,,YWyo45AArP8
10440,,kOQuEcmYoZI
9516,,woJQ9XPpVVY
2320,,hY4EfSHyIyA
5879,,w-o8EKjXJPQ
83718,,QgxLAcCO55k
11971,,rbSN4Lv_N4g
31911,,dD1VJZSZcF8
788,,NBZ2ioWBxD8
21450,,TdKPbyvS0qc
11231,,eDchGHJdRVs
10447,,J_1OWBKKSbw
31586,,zInygRFVbxA
9300,,MorOaD61KUI
9559,,_Qm-UhA3b4g
9800,,qf49UApA88s
713,,61ooIf1QDZo
8291,,XkI_0pJlLl0
18133,,dBOwtSdtAYg
25557,,rU6ghNfsQSI
22588,,ftyAK30wfBk
10872,,_26ROmuSyTQ
1245,,jALmEb72beg
11858,,HU7DpT-s2VA
7007,,4gPr_qix-po
10467,,DX5eHMZuuro
5550,,VWBo9-YtSQs
8005,,rL_aElj93ws
2088,,XuPs8dWiXZw
10412,,Tu2JLPh4A40
47889,,4G5MY_T-CBY
14534,,7YKYFz-0a1E
41878,,
424,,v0RB-3sWbBA
35233,,rX9q4A65jHg
14291,,hOTc4D0uQNk
11236,,1zeqqhA5Z3A
11592,,Ut9GvlhB9f4
8850,,l0lbmUaooSw
10445,,-zfkmfRX4X4
695,,ePyhGz9_RCI
43535,,e7bD5BNqfwY
12519,,KX4hfaiL640
23210,,IBO1Sr14eQQ
858,,2bnxHgO59A4
867,,qvMMd47Yox0
78,,qoEyZoOTtss
13203,,8pnnGZUe14g
10442,,nGlyUmq9wE4
11074,,5PbX4LXD6Es
9607,,qwDI-IH3hfs
17585,,SzsAue_mm0g
9057,,cMzjb5OeYng
20967,,
10635,,u1KIeJaW3kI
9479,,IoYahD_xNR0
10057,,FMy1TFRF8Lk
11969,,XTWYKf5hXIg
319,,6uoPeUa7Gkc
26408,,gOVn50rHV0g
15139,,
11446,,5U0QG3L6XsE
51980,,chCnbs7UMSk
24405,,ubV1jwg9Ce0
8223,,z5bmEnGrA4s
14587,,_ZjYlCGAz3c
31504,,sP0Nz4IrRwU
23637,,
17600,,zCxlFPnsEU4
10897,,FgyCE8VsGKM
21352,,
68806,,kd4eDke73oI
37345,,iXBGg5sDRyQ
32562,,JL_vrb4-6_0
25403,,Qujgo5C09rM
9066,,zMicH5Mt7_s
771,,sptc2IcHnc4
251,,S5chCgGiTsw
812,,mq05scD6PUs
280,,DX1Y8e7i6cw
581,,N4gr-uXUg1M
268,,ygK7sAavO0c
274,,6iB21hsprAQ
408,,P4YE-s_8L1Q
10020,,0QwuPbbT_zk
10895,,_xHYzf_rdGU
114,,2EBAVoN8L_U
576,,kdy0t_8mQBw
15477,,B3AqG25J_Vo
124472,,
7300,,BJjj_v33mTs
10824,,jpInUUDkZwo
275,,aoOZDiswNaw
25059,,sSfkkYgv_3o
11827,,-Fvzpl5wTPo
8766,,NoU_IizY9GM
23570,,2Qq2LmclTw8
47333,,jKvO2TYPuTw
51242,,
10112,,h6M_OJ41NfA
4307,,Zg7qqTOgT1M
46029,,ajGpyRSKgKw
32308,,InqDF8ImCgU
28121,,pKo_j8OuWAQ
12520,,jNPSHydODoI
1592,,dUzCu3LntU8
19042,,yPkqreV3siY
38884,,ZbZnyGT4P7o
47449,,
36259,,dY7gsUL9Xkk
41852,,
40926,,OultAtx3ptc
9099,,3mHbLYzdqVE
2021,,_fQLwQ0Yhj8
61752,,yGxWoppTujU
10988,,c9jTjZ89HVc
12652,,
10684,,qCkmk14stW8
954,,L8Pbjh4EZRk
68445,,a5l6MbXu6AQ
18989,,Ac1GR0lO3hg
8840,,7MSLlD8lQ5k
11107,,_iuDUSj5jaI
10539,,7OKQVzOO-DM
10543,,p2AlffKozbg
18414,,FIXQBdYjAWI
11902,,rYTvmLvLchs
25087,,RV42hof83ws
5801,,mgv68E_o6VM
896,,mgv68E_o6VM
3065,,
2300,,v98aXG562h4
8069,,ZKakq5NgoxA
27768,,
221917,,--GgszWGqIw
8072,,CzaATgGHmy0
33245,,R1OitcQJi5I
27281,,mHd7O6YeHIU
40001,,
29621,,
20762,,vsaUp6_jcJY
37144,,
12656,,LoVRGgufV2w
38867,,Gg9c-WnK6sM
25969,,
43634,,7zkoiOq2Urw
9103,,EaCbSlAsQoE
29649,,MjsvTIlTdvg
10990,,4KQ4kqppxSs
8866,,6nFJcAt-ktU
12233,,r42b0bRF9v0
23449,,SnQFSfapPl8
36355,,YQRbTNN-jNE
922,,FEHMWguT--U
11876,,
11687,,
9304,,SH2XDPI5664
503475,,
73183,,
9100,,SxEqB--5ToI
20759,,WnyftZZ880s
46063,,_aLZr3oBk9E
32513,,6P_1oFBbKZ4
36915,,hwuRDxzitek
9802,,a3qcNyjj9ZQ
21588,,I6o0TJNC77I
664,,beHzfQPaTaw
11867,,8bNMwKRVbWA
9323,,rU6Matng9MU
10280,,jN4NcET1R-k
10535,,q7eXHlWfulI
532,,36GfaI0_B8E
16299,,
10547,,U6d_OZHCDb0
935,,Ja3n2Mxf21s
40751,,j8zg_25-SYA
85778,,GgfiK3hjxYI
11101,,3usU25Z9ICE
9826,,oY7R0lHSw3U
9879,,ujvOdC3-JGw
22621,,
7095,,R2tCAybRzpY
26890,,qAQRCcQlXXE
77771,,KuPxols8FwU
41225,,7FJuSlLlmSk
627,,
32872,,
602,,qHH7VxJJ2k8
14553,,SStzlZz6lxc
9566,,OJhwzOqqdqU
10545,,HUGraD-rxjk
9894,,rhhI_qYOacw
11543,,1DsveTPI4aM
9268,,GZNhdAuUhpA
9327,,FFVbS0qm0TI
81949,,is58u1Y1z7o
44535,,gGRJkaxndzg
11228,,tRWIfCpxNK4
10779,,zmQxM32PWRM
26748,,
38223,,
9294,,apduYg2VqTI
49963,,ohAd27SbH6E
11363,,mIvoJ2_8X5I
1645,,701GQjY6PaI
31546,,ZsWPpq_AqDA
36344,,iKpgVlwF5vY
18550,,unkjtd50Nmk
11511,,fFVaxa1UKNg
34170,,BjM_ln1NBu8
12606,,BKkq5Iqujuw
4837,,dBK-cedrRt8
12632,,
18975,,XgeK_nCwwhg
11962,,oTPMCFJW1gQ
2925,,5YBmnlAeijk
3595,,fIo43xs25DQ
